filepath,skill,category,filename,paragraph_count,h3_count,needs_subheadings
.opencode/skills/system-spec-kit/feature_catalog/01--retrieval/01-unified-context-retrieval-memorycontext.md,system-spec-kit,01--retrieval,01-unified-context-retrieval-memorycontext.md,7,0,true
.opencode/skills/system-spec-kit/feature_catalog/01--retrieval/02-semantic-and-lexical-search-memorysearch.md,system-spec-kit,01--retrieval,02-semantic-and-lexical-search-memorysearch.md,7,0,true
.opencode/skills/system-spec-kit/feature_catalog/01--retrieval/03-trigger-phrase-matching-memorymatchtriggers.md,system-spec-kit,01--retrieval,03-trigger-phrase-matching-memorymatchtriggers.md,6,0,true
.opencode/skills/system-spec-kit/feature_catalog/01--retrieval/04-hybrid-search-pipeline.md,system-spec-kit,01--retrieval,04-hybrid-search-pipeline.md,6,0,true
.opencode/skills/system-spec-kit/feature_catalog/01--retrieval/05-4-stage-pipeline-architecture.md,system-spec-kit,01--retrieval,05-4-stage-pipeline-architecture.md,6,0,true
.opencode/skills/system-spec-kit/feature_catalog/01--retrieval/06-bm25-trigger-phrase-re-index-gate.md,system-spec-kit,01--retrieval,06-bm25-trigger-phrase-re-index-gate.md,2,0,false
.opencode/skills/system-spec-kit/feature_catalog/01--retrieval/07-ast-level-section-retrieval-tool.md,system-spec-kit,01--retrieval,07-ast-level-section-retrieval-tool.md,2,0,false
.opencode/skills/system-spec-kit/feature_catalog/01--retrieval/08-quality-aware-3-tier-search-fallback.md,system-spec-kit,01--retrieval,08-quality-aware-3-tier-search-fallback.md,2,0,false
.opencode/skills/system-spec-kit/feature_catalog/01--retrieval/09-tool-result-extraction-to-working-memory.md,system-spec-kit,01--retrieval,09-tool-result-extraction-to-working-memory.md,5,0,true
.opencode/skills/system-spec-kit/feature_catalog/01--retrieval/10-fast-delegated-search-memory-quick-search.md,system-spec-kit,01--retrieval,10-fast-delegated-search-memory-quick-search.md,4,0,true
.opencode/skills/system-spec-kit/feature_catalog/01--retrieval/11-session-recovery-spec-kit-resume.md,system-spec-kit,01--retrieval,11-session-recovery-spec-kit-resume.md,6,3,false
.opencode/skills/system-spec-kit/feature_catalog/01--retrieval/12-search-api-surface.md,system-spec-kit,01--retrieval,12-search-api-surface.md,3,0,false
.opencode/skills/system-spec-kit/feature_catalog/01--retrieval/13-session-transition-trace-contract.md,system-spec-kit,01--retrieval,13-session-transition-trace-contract.md,3,0,false
.opencode/skills/system-spec-kit/feature_catalog/01--retrieval/14-bounded-graph-diagnostics.md,system-spec-kit,01--retrieval,14-bounded-graph-diagnostics.md,3,0,false
.opencode/skills/system-spec-kit/feature_catalog/01--retrieval/15-memory-search-command-routing.md,system-spec-kit,01--retrieval,15-memory-search-command-routing.md,3,0,false
.opencode/skills/system-spec-kit/feature_catalog/02--mutation/01-memory-indexing-memorysave.md,system-spec-kit,02--mutation,01-memory-indexing-memorysave.md,19,7,false
.opencode/skills/system-spec-kit/feature_catalog/02--mutation/02-memory-metadata-update-memoryupdate.md,system-spec-kit,02--mutation,02-memory-metadata-update-memoryupdate.md,8,0,true
.opencode/skills/system-spec-kit/feature_catalog/02--mutation/03-single-and-folder-delete-memorydelete.md,system-spec-kit,02--mutation,03-single-and-folder-delete-memorydelete.md,3,0,false
.opencode/skills/system-spec-kit/feature_catalog/02--mutation/04-tier-based-bulk-deletion-memorybulkdelete.md,system-spec-kit,02--mutation,04-tier-based-bulk-deletion-memorybulkdelete.md,4,0,true
.opencode/skills/system-spec-kit/feature_catalog/02--mutation/05-validation-feedback-memoryvalidate.md,system-spec-kit,02--mutation,05-validation-feedback-memoryvalidate.md,7,0,true
.opencode/skills/system-spec-kit/feature_catalog/02--mutation/06-transaction-wrappers-on-mutation-handlers.md,system-spec-kit,02--mutation,06-transaction-wrappers-on-mutation-handlers.md,1,0,false
.opencode/skills/system-spec-kit/feature_catalog/02--mutation/08-prediction-error-save-arbitration.md,system-spec-kit,02--mutation,08-prediction-error-save-arbitration.md,3,0,false
.opencode/skills/system-spec-kit/feature_catalog/02--mutation/09-correction-tracking-with-undo.md,system-spec-kit,02--mutation,09-correction-tracking-with-undo.md,5,0,true
.opencode/skills/system-spec-kit/feature_catalog/02--mutation/10-per-memory-history-log.md,system-spec-kit,02--mutation,10-per-memory-history-log.md,2,0,false
.opencode/skills/system-spec-kit/feature_catalog/02--mutation/11-reconsolidation-conflict-transaction-helper.md,system-spec-kit,02--mutation,11-reconsolidation-conflict-transaction-helper.md,3,0,false
.opencode/skills/system-spec-kit/feature_catalog/02--mutation/12-memory-retention-sweep.md,system-spec-kit,02--mutation,12-memory-retention-sweep.md,3,0,false
.opencode/skills/system-spec-kit/feature_catalog/03--discovery/01-memory-browser-memorylist.md,system-spec-kit,03--discovery,01-memory-browser-memorylist.md,4,0,true
.opencode/skills/system-spec-kit/feature_catalog/03--discovery/02-system-statistics-memorystats.md,system-spec-kit,03--discovery,02-system-statistics-memorystats.md,5,0,true
.opencode/skills/system-spec-kit/feature_catalog/03--discovery/03-health-diagnostics-memoryhealth.md,system-spec-kit,03--discovery,03-health-diagnostics-memoryhealth.md,6,0,true
.opencode/skills/system-spec-kit/feature_catalog/03--discovery/04-detect-changes-preflight.md,system-spec-kit,03--discovery,04-detect-changes-preflight.md,6,0,true
.opencode/skills/system-spec-kit/feature_catalog/03--discovery/05-session-bootstrap-reader-ready-context.md,system-spec-kit,03--discovery,05-session-bootstrap-reader-ready-context.md,3,0,false
.opencode/skills/system-spec-kit/feature_catalog/03--discovery/06-session-resume-continuity-ladder.md,system-spec-kit,03--discovery,06-session-resume-continuity-ladder.md,3,0,false
.opencode/skills/system-spec-kit/feature_catalog/03--discovery/07-session-health-shared-payload.md,system-spec-kit,03--discovery,07-session-health-shared-payload.md,3,0,false
.opencode/skills/system-spec-kit/feature_catalog/04--maintenance/01-workspace-scanning-and-indexing-memoryindexscan.md,system-spec-kit,04--maintenance,01-workspace-scanning-and-indexing-memoryindexscan.md,9,0,true
.opencode/skills/system-spec-kit/feature_catalog/04--maintenance/02-startup-runtime-compatibility-guards.md,system-spec-kit,04--maintenance,02-startup-runtime-compatibility-guards.md,3,0,false
.opencode/skills/system-spec-kit/feature_catalog/04--maintenance/03-doctor-router-and-manifest-dispatch.md,system-spec-kit,04--maintenance,03-doctor-router-and-manifest-dispatch.md,5,5,false
.opencode/skills/system-spec-kit/feature_catalog/04--maintenance/04-memory-retention-sweep.md,system-spec-kit,04--maintenance,04-memory-retention-sweep.md,3,0,false
.opencode/skills/system-spec-kit/feature_catalog/05--lifecycle/01-checkpoint-creation-checkpointcreate.md,system-spec-kit,05--lifecycle,01-checkpoint-creation-checkpointcreate.md,3,0,false
.opencode/skills/system-spec-kit/feature_catalog/05--lifecycle/02-checkpoint-listing-checkpointlist.md,system-spec-kit,05--lifecycle,02-checkpoint-listing-checkpointlist.md,1,0,false
.opencode/skills/system-spec-kit/feature_catalog/05--lifecycle/03-checkpoint-restore-checkpointrestore.md,system-spec-kit,05--lifecycle,03-checkpoint-restore-checkpointrestore.md,6,0,true
.opencode/skills/system-spec-kit/feature_catalog/05--lifecycle/04-checkpoint-deletion-checkpointdelete.md,system-spec-kit,05--lifecycle,04-checkpoint-deletion-checkpointdelete.md,1,0,false
.opencode/skills/system-spec-kit/feature_catalog/05--lifecycle/05-async-ingestion-job-lifecycle.md,system-spec-kit,05--lifecycle,05-async-ingestion-job-lifecycle.md,4,0,true
.opencode/skills/system-spec-kit/feature_catalog/05--lifecycle/06-startup-pending-file-recovery.md,system-spec-kit,05--lifecycle,06-startup-pending-file-recovery.md,3,0,false
.opencode/skills/system-spec-kit/feature_catalog/05--lifecycle/08-constitutional-memory-end-to-end-lifecycle.md,system-spec-kit,05--lifecycle,08-constitutional-memory-end-to-end-lifecycle.md,10,0,true
.opencode/skills/system-spec-kit/feature_catalog/05--lifecycle/09-post-insert-retry-budget.md,system-spec-kit,05--lifecycle,09-post-insert-retry-budget.md,5,0,true
.opencode/skills/system-spec-kit/feature_catalog/06--analysis/01-causal-edge-creation-memorycausallink.md,system-spec-kit,06--analysis,01-causal-edge-creation-memorycausallink.md,5,0,true
.opencode/skills/system-spec-kit/feature_catalog/06--analysis/02-causal-graph-statistics-memorycausalstats.md,system-spec-kit,06--analysis,02-causal-graph-statistics-memorycausalstats.md,4,0,true
.opencode/skills/system-spec-kit/feature_catalog/06--analysis/03-causal-edge-deletion-memorycausalunlink.md,system-spec-kit,06--analysis,03-causal-edge-deletion-memorycausalunlink.md,2,0,false
.opencode/skills/system-spec-kit/feature_catalog/06--analysis/04-causal-chain-tracing-memorydriftwhy.md,system-spec-kit,06--analysis,04-causal-chain-tracing-memorydriftwhy.md,5,0,true
.opencode/skills/system-spec-kit/feature_catalog/06--analysis/05-epistemic-baseline-capture-taskpreflight.md,system-spec-kit,06--analysis,05-epistemic-baseline-capture-taskpreflight.md,3,0,false
.opencode/skills/system-spec-kit/feature_catalog/06--analysis/06-post-task-learning-measurement-taskpostflight.md,system-spec-kit,06--analysis,06-post-task-learning-measurement-taskpostflight.md,5,0,true
.opencode/skills/system-spec-kit/feature_catalog/06--analysis/07-learning-history-memorygetlearninghistory.md,system-spec-kit,06--analysis,07-learning-history-memorygetlearninghistory.md,5,0,true
.opencode/skills/system-spec-kit/feature_catalog/06--analysis/08-code-graph-edge-explanation-blast-radius-uplift.md,system-spec-kit,06--analysis,08-code-graph-edge-explanation-blast-radius-uplift.md,4,0,true
.opencode/skills/system-spec-kit/feature_catalog/07--evaluation/01-ablation-studies-evalrunablation.md,system-spec-kit,07--evaluation,01-ablation-studies-evalrunablation.md,5,0,true
.opencode/skills/system-spec-kit/feature_catalog/07--evaluation/02-reporting-dashboard-evalreportingdashboard.md,system-spec-kit,07--evaluation,02-reporting-dashboard-evalreportingdashboard.md,3,0,false
.opencode/skills/system-spec-kit/feature_catalog/08--bug-fixes-and-data-integrity/01-graph-channel-id-fix.md,system-spec-kit,08--bug-fixes-and-data-integrity,01-graph-channel-id-fix.md,2,0,false
.opencode/skills/system-spec-kit/feature_catalog/08--bug-fixes-and-data-integrity/02-chunk-collapse-deduplication.md,system-spec-kit,08--bug-fixes-and-data-integrity,02-chunk-collapse-deduplication.md,2,0,false
.opencode/skills/system-spec-kit/feature_catalog/08--bug-fixes-and-data-integrity/03-co-activation-fan-effect-divisor.md,system-spec-kit,08--bug-fixes-and-data-integrity,03-co-activation-fan-effect-divisor.md,3,0,false
.opencode/skills/system-spec-kit/feature_catalog/08--bug-fixes-and-data-integrity/04-sha-256-content-hash-deduplication.md,system-spec-kit,08--bug-fixes-and-data-integrity,04-sha-256-content-hash-deduplication.md,3,0,false
.opencode/skills/system-spec-kit/feature_catalog/08--bug-fixes-and-data-integrity/05-database-and-schema-safety.md,system-spec-kit,08--bug-fixes-and-data-integrity,05-database-and-schema-safety.md,6,0,true
.opencode/skills/system-spec-kit/feature_catalog/08--bug-fixes-and-data-integrity/06-guards-and-edge-cases.md,system-spec-kit,08--bug-fixes-and-data-integrity,06-guards-and-edge-cases.md,7,0,true
.opencode/skills/system-spec-kit/feature_catalog/08--bug-fixes-and-data-integrity/07-canonical-id-dedup-hardening.md,system-spec-kit,08--bug-fixes-and-data-integrity,07-canonical-id-dedup-hardening.md,2,0,false
.opencode/skills/system-spec-kit/feature_catalog/08--bug-fixes-and-data-integrity/07-error-response-credential-sanitization.md,system-spec-kit,08--bug-fixes-and-data-integrity,07-error-response-credential-sanitization.md,5,0,true
.opencode/skills/system-spec-kit/feature_catalog/08--bug-fixes-and-data-integrity/08-mathmax-min-stack-overflow-elimination.md,system-spec-kit,08--bug-fixes-and-data-integrity,08-mathmax-min-stack-overflow-elimination.md,4,0,true
.opencode/skills/system-spec-kit/feature_catalog/08--bug-fixes-and-data-integrity/09-session-manager-transaction-gap-fixes.md,system-spec-kit,08--bug-fixes-and-data-integrity,09-session-manager-transaction-gap-fixes.md,1,0,false
.opencode/skills/system-spec-kit/feature_catalog/08--bug-fixes-and-data-integrity/10-chunking-orchestrator-safe-swap.md,system-spec-kit,08--bug-fixes-and-data-integrity,10-chunking-orchestrator-safe-swap.md,1,0,false
.opencode/skills/system-spec-kit/feature_catalog/08--bug-fixes-and-data-integrity/11-working-memory-timestamp-fix.md,system-spec-kit,08--bug-fixes-and-data-integrity,11-working-memory-timestamp-fix.md,1,0,false
.opencode/skills/system-spec-kit/feature_catalog/08--bug-fixes-and-data-integrity/12-scope-normalizer-canonicalization-and-lint.md,system-spec-kit,08--bug-fixes-and-data-integrity,12-scope-normalizer-canonicalization-and-lint.md,4,0,true
.opencode/skills/system-spec-kit/feature_catalog/09--evaluation-and-measurement/01-evaluation-database-and-schema.md,system-spec-kit,09--evaluation-and-measurement,01-evaluation-database-and-schema.md,2,0,false
.opencode/skills/system-spec-kit/feature_catalog/09--evaluation-and-measurement/02-core-metric-computation.md,system-spec-kit,09--evaluation-and-measurement,02-core-metric-computation.md,4,0,true
.opencode/skills/system-spec-kit/feature_catalog/09--evaluation-and-measurement/03-observer-effect-mitigation.md,system-spec-kit,09--evaluation-and-measurement,03-observer-effect-mitigation.md,2,0,false
.opencode/skills/system-spec-kit/feature_catalog/09--evaluation-and-measurement/05-quality-proxy-formula.md,system-spec-kit,09--evaluation-and-measurement,05-quality-proxy-formula.md,3,0,false
.opencode/skills/system-spec-kit/feature_catalog/09--evaluation-and-measurement/06-synthetic-ground-truth-corpus.md,system-spec-kit,09--evaluation-and-measurement,06-synthetic-ground-truth-corpus.md,3,0,false
.opencode/skills/system-spec-kit/feature_catalog/09--evaluation-and-measurement/07-bm25-only-baseline.md,system-spec-kit,09--evaluation-and-measurement,07-bm25-only-baseline.md,2,0,false
.opencode/skills/system-spec-kit/feature_catalog/09--evaluation-and-measurement/08-agent-consumption-instrumentation.md,system-spec-kit,09--evaluation-and-measurement,08-agent-consumption-instrumentation.md,2,0,false
.opencode/skills/system-spec-kit/feature_catalog/09--evaluation-and-measurement/09-scoring-observability.md,system-spec-kit,09--evaluation-and-measurement,09-scoring-observability.md,3,0,false
.opencode/skills/system-spec-kit/feature_catalog/09--evaluation-and-measurement/10-full-reporting-and-ablation-study-framework.md,system-spec-kit,09--evaluation-and-measurement,10-full-reporting-and-ablation-study-framework.md,3,0,false
.opencode/skills/system-spec-kit/feature_catalog/09--evaluation-and-measurement/12-test-quality-improvements.md,system-spec-kit,09--evaluation-and-measurement,12-test-quality-improvements.md,6,0,true
.opencode/skills/system-spec-kit/feature_catalog/09--evaluation-and-measurement/13-evaluation-and-housekeeping-fixes.md,system-spec-kit,09--evaluation-and-measurement,13-evaluation-and-housekeeping-fixes.md,2,0,false
.opencode/skills/system-spec-kit/feature_catalog/09--evaluation-and-measurement/14-cross-ai-validation-fixes.md,system-spec-kit,09--evaluation-and-measurement,14-cross-ai-validation-fixes.md,3,0,false
.opencode/skills/system-spec-kit/feature_catalog/09--evaluation-and-measurement/15-evaluation-api-surface.md,system-spec-kit,09--evaluation-and-measurement,15-evaluation-api-surface.md,3,0,false
.opencode/skills/system-spec-kit/feature_catalog/09--evaluation-and-measurement/16-int8-quantization-evaluation.md,system-spec-kit,09--evaluation-and-measurement,16-int8-quantization-evaluation.md,3,0,false
.opencode/skills/system-spec-kit/feature_catalog/09--evaluation-and-measurement/17-memory-roadmap-baseline-snapshot.md,system-spec-kit,09--evaluation-and-measurement,17-memory-roadmap-baseline-snapshot.md,3,0,false
.opencode/skills/system-spec-kit/feature_catalog/10--graph-signal-activation/01-typed-weighted-degree-channel.md,system-spec-kit,10--graph-signal-activation,01-typed-weighted-degree-channel.md,3,0,false
.opencode/skills/system-spec-kit/feature_catalog/10--graph-signal-activation/02-co-activation-boost-strength-increase.md,system-spec-kit,10--graph-signal-activation,02-co-activation-boost-strength-increase.md,3,0,false
.opencode/skills/system-spec-kit/feature_catalog/10--graph-signal-activation/03-edge-density-measurement.md,system-spec-kit,10--graph-signal-activation,03-edge-density-measurement.md,1,0,false
.opencode/skills/system-spec-kit/feature_catalog/10--graph-signal-activation/04-weight-history-audit-tracking.md,system-spec-kit,10--graph-signal-activation,04-weight-history-audit-tracking.md,3,0,false
.opencode/skills/system-spec-kit/feature_catalog/10--graph-signal-activation/05-graph-momentum-scoring.md,system-spec-kit,10--graph-signal-activation,05-graph-momentum-scoring.md,4,0,true
.opencode/skills/system-spec-kit/feature_catalog/10--graph-signal-activation/06-causal-depth-signal.md,system-spec-kit,10--graph-signal-activation,06-causal-depth-signal.md,4,0,true
.opencode/skills/system-spec-kit/feature_catalog/10--graph-signal-activation/07-community-detection.md,system-spec-kit,10--graph-signal-activation,07-community-detection.md,4,0,true
.opencode/skills/system-spec-kit/feature_catalog/10--graph-signal-activation/08-graph-and-cognitive-memory-fixes.md,system-spec-kit,10--graph-signal-activation,08-graph-and-cognitive-memory-fixes.md,3,0,false
.opencode/skills/system-spec-kit/feature_catalog/10--graph-signal-activation/10-causal-neighbor-boost-and-injection.md,system-spec-kit,10--graph-signal-activation,10-causal-neighbor-boost-and-injection.md,3,0,false
.opencode/skills/system-spec-kit/feature_catalog/10--graph-signal-activation/11-temporal-contiguity-layer.md,system-spec-kit,10--graph-signal-activation,11-temporal-contiguity-layer.md,4,0,true
.opencode/skills/system-spec-kit/feature_catalog/10--graph-signal-activation/12-unified-graph-retrieval-deterministic-ranking-explainability-and-rollback.md,system-spec-kit,10--graph-signal-activation,12-unified-graph-retrieval-deterministic-ranking-explainability-and-rollback.md,4,0,true
.opencode/skills/system-spec-kit/feature_catalog/10--graph-signal-activation/13-graph-lifecycle-refresh.md,system-spec-kit,10--graph-signal-activation,13-graph-lifecycle-refresh.md,3,0,false
.opencode/skills/system-spec-kit/feature_catalog/10--graph-signal-activation/14-llm-graph-backfill.md,system-spec-kit,10--graph-signal-activation,14-llm-graph-backfill.md,2,0,false
.opencode/skills/system-spec-kit/feature_catalog/10--graph-signal-activation/15-graph-calibration-profiles.md,system-spec-kit,10--graph-signal-activation,15-graph-calibration-profiles.md,4,0,true
.opencode/skills/system-spec-kit/feature_catalog/10--graph-signal-activation/16-typed-traversal.md,system-spec-kit,10--graph-signal-activation,16-typed-traversal.md,6,0,true
.opencode/skills/system-spec-kit/feature_catalog/10--graph-signal-activation/17-temporal-edges.md,system-spec-kit,10--graph-signal-activation,17-temporal-edges.md,2,0,false
.opencode/skills/system-spec-kit/feature_catalog/10--graph-signal-activation/18-contradiction-detection.md,system-spec-kit,10--graph-signal-activation,18-contradiction-detection.md,2,0,false
.opencode/skills/system-spec-kit/feature_catalog/10--graph-signal-activation/19-ontology-hooks.md,system-spec-kit,10--graph-signal-activation,19-ontology-hooks.md,1,0,false
.opencode/skills/system-spec-kit/feature_catalog/11--scoring-and-calibration/01-score-normalization.md,system-spec-kit,11--scoring-and-calibration,01-score-normalization.md,3,0,false
.opencode/skills/system-spec-kit/feature_catalog/11--scoring-and-calibration/03-interference-scoring.md,system-spec-kit,11--scoring-and-calibration,03-interference-scoring.md,3,0,false
.opencode/skills/system-spec-kit/feature_catalog/11--scoring-and-calibration/04-classification-based-decay.md,system-spec-kit,11--scoring-and-calibration,04-classification-based-decay.md,3,0,false
.opencode/skills/system-spec-kit/feature_catalog/11--scoring-and-calibration/05-folder-level-relevance-scoring.md,system-spec-kit,11--scoring-and-calibration,05-folder-level-relevance-scoring.md,2,0,false
.opencode/skills/system-spec-kit/feature_catalog/11--scoring-and-calibration/06-embedding-cache.md,system-spec-kit,11--scoring-and-calibration,06-embedding-cache.md,5,0,true
.opencode/skills/system-spec-kit/feature_catalog/11--scoring-and-calibration/07-double-intent-weighting-investigation.md,system-spec-kit,11--scoring-and-calibration,07-double-intent-weighting-investigation.md,3,0,false
.opencode/skills/system-spec-kit/feature_catalog/11--scoring-and-calibration/08-rrf-k-value-sensitivity-analysis.md,system-spec-kit,11--scoring-and-calibration,08-rrf-k-value-sensitivity-analysis.md,2,0,false
.opencode/skills/system-spec-kit/feature_catalog/11--scoring-and-calibration/09-negative-feedback-confidence-signal.md,system-spec-kit,11--scoring-and-calibration,09-negative-feedback-confidence-signal.md,3,0,false
.opencode/skills/system-spec-kit/feature_catalog/11--scoring-and-calibration/10-auto-promotion-on-validation.md,system-spec-kit,11--scoring-and-calibration,10-auto-promotion-on-validation.md,2,0,false
.opencode/skills/system-spec-kit/feature_catalog/11--scoring-and-calibration/11-scoring-and-ranking-corrections.md,system-spec-kit,11--scoring-and-calibration,11-scoring-and-ranking-corrections.md,6,0,true
.opencode/skills/system-spec-kit/feature_catalog/11--scoring-and-calibration/12-stage-3-effectivescore-fallback-chain.md,system-spec-kit,11--scoring-and-calibration,12-stage-3-effectivescore-fallback-chain.md,1,0,false
.opencode/skills/system-spec-kit/feature_catalog/11--scoring-and-calibration/13-scoring-and-fusion-corrections.md,system-spec-kit,11--scoring-and-calibration,13-scoring-and-fusion-corrections.md,4,0,true
.opencode/skills/system-spec-kit/feature_catalog/11--scoring-and-calibration/15-tool-level-ttl-cache.md,system-spec-kit,11--scoring-and-calibration,15-tool-level-ttl-cache.md,2,0,false
.opencode/skills/system-spec-kit/feature_catalog/11--scoring-and-calibration/16-access-driven-popularity-scoring.md,system-spec-kit,11--scoring-and-calibration,16-access-driven-popularity-scoring.md,2,0,false
.opencode/skills/system-spec-kit/feature_catalog/11--scoring-and-calibration/17-temporal-structural-coherence-scoring.md,system-spec-kit,11--scoring-and-calibration,17-temporal-structural-coherence-scoring.md,2,0,false
.opencode/skills/system-spec-kit/feature_catalog/11--scoring-and-calibration/18-adaptive-shadow-ranking-bounded-proposals-and-rollback.md,system-spec-kit,11--scoring-and-calibration,18-adaptive-shadow-ranking-bounded-proposals-and-rollback.md,10,1,false
.opencode/skills/system-spec-kit/feature_catalog/11--scoring-and-calibration/19-learned-stage2-weight-combiner.md,system-spec-kit,11--scoring-and-calibration,19-learned-stage2-weight-combiner.md,5,0,true
.opencode/skills/system-spec-kit/feature_catalog/11--scoring-and-calibration/20-shadow-feedback-holdout-evaluation.md,system-spec-kit,11--scoring-and-calibration,20-shadow-feedback-holdout-evaluation.md,3,0,false
.opencode/skills/system-spec-kit/feature_catalog/11--scoring-and-calibration/21-calibrated-overlap-bonus.md,system-spec-kit,11--scoring-and-calibration,21-calibrated-overlap-bonus.md,3,0,false
.opencode/skills/system-spec-kit/feature_catalog/11--scoring-and-calibration/22-rrf-k-experimental.md,system-spec-kit,11--scoring-and-calibration,22-rrf-k-experimental.md,3,0,false
.opencode/skills/system-spec-kit/feature_catalog/11--scoring-and-calibration/23-usage-weighted-ranking.md,system-spec-kit,11--scoring-and-calibration,23-usage-weighted-ranking.md,2,0,false
.opencode/skills/system-spec-kit/feature_catalog/12--query-intelligence/01-query-complexity-router.md,system-spec-kit,12--query-intelligence,01-query-complexity-router.md,4,0,true
.opencode/skills/system-spec-kit/feature_catalog/12--query-intelligence/03-channel-min-representation.md,system-spec-kit,12--query-intelligence,03-channel-min-representation.md,3,0,false
.opencode/skills/system-spec-kit/feature_catalog/12--query-intelligence/04-confidence-based-result-truncation.md,system-spec-kit,12--query-intelligence,04-confidence-based-result-truncation.md,3,0,false
.opencode/skills/system-spec-kit/feature_catalog/12--query-intelligence/05-dynamic-token-budget-allocation.md,system-spec-kit,12--query-intelligence,05-dynamic-token-budget-allocation.md,3,0,false
.opencode/skills/system-spec-kit/feature_catalog/12--query-intelligence/06-query-expansion.md,system-spec-kit,12--query-intelligence,06-query-expansion.md,2,0,false
.opencode/skills/system-spec-kit/feature_catalog/12--query-intelligence/07-llm-query-reformulation.md,system-spec-kit,12--query-intelligence,07-llm-query-reformulation.md,4,0,true
.opencode/skills/system-spec-kit/feature_catalog/12--query-intelligence/08-hyde-hypothetical-document-embeddings.md,system-spec-kit,12--query-intelligence,08-hyde-hypothetical-document-embeddings.md,5,0,true
.opencode/skills/system-spec-kit/feature_catalog/12--query-intelligence/09-index-time-query-surrogates.md,system-spec-kit,12--query-intelligence,09-index-time-query-surrogates.md,3,0,false
.opencode/skills/system-spec-kit/feature_catalog/12--query-intelligence/10-query-decomposition.md,system-spec-kit,12--query-intelligence,10-query-decomposition.md,2,0,false
.opencode/skills/system-spec-kit/feature_catalog/12--query-intelligence/11-graph-concept-routing.md,system-spec-kit,12--query-intelligence,11-graph-concept-routing.md,2,0,false
.opencode/skills/system-spec-kit/feature_catalog/12--query-intelligence/12-graph-channel-preservation.md,system-spec-kit,12--query-intelligence,12-graph-channel-preservation.md,6,0,true
.opencode/skills/system-spec-kit/feature_catalog/13--memory-quality-and-indexing/01-verify-fix-verify-memory-quality-loop.md,system-spec-kit,13--memory-quality-and-indexing,01-verify-fix-verify-memory-quality-loop.md,8,0,true
.opencode/skills/system-spec-kit/feature_catalog/13--memory-quality-and-indexing/02-signal-vocabulary-expansion.md,system-spec-kit,13--memory-quality-and-indexing,02-signal-vocabulary-expansion.md,2,0,false
.opencode/skills/system-spec-kit/feature_catalog/13--memory-quality-and-indexing/03-pre-flight-token-budget-validation.md,system-spec-kit,13--memory-quality-and-indexing,03-pre-flight-token-budget-validation.md,3,0,false
.opencode/skills/system-spec-kit/feature_catalog/13--memory-quality-and-indexing/04-spec-folder-description-discovery.md,system-spec-kit,13--memory-quality-and-indexing,04-spec-folder-description-discovery.md,9,0,true
.opencode/skills/system-spec-kit/feature_catalog/13--memory-quality-and-indexing/05-pre-storage-quality-gate.md,system-spec-kit,13--memory-quality-and-indexing,05-pre-storage-quality-gate.md,8,0,true
.opencode/skills/system-spec-kit/feature_catalog/13--memory-quality-and-indexing/06-reconsolidation-on-save.md,system-spec-kit,13--memory-quality-and-indexing,06-reconsolidation-on-save.md,5,0,true
.opencode/skills/system-spec-kit/feature_catalog/13--memory-quality-and-indexing/07-smarter-memory-content-generation.md,system-spec-kit,13--memory-quality-and-indexing,07-smarter-memory-content-generation.md,3,0,false
.opencode/skills/system-spec-kit/feature_catalog/13--memory-quality-and-indexing/08-anchor-aware-chunk-thinning.md,system-spec-kit,13--memory-quality-and-indexing,08-anchor-aware-chunk-thinning.md,2,0,false
.opencode/skills/system-spec-kit/feature_catalog/13--memory-quality-and-indexing/09-encoding-intent-capture-at-index-time.md,system-spec-kit,13--memory-quality-and-indexing,09-encoding-intent-capture-at-index-time.md,2,0,false
.opencode/skills/system-spec-kit/feature_catalog/13--memory-quality-and-indexing/10-auto-entity-extraction.md,system-spec-kit,13--memory-quality-and-indexing,10-auto-entity-extraction.md,6,0,true
.opencode/skills/system-spec-kit/feature_catalog/13--memory-quality-and-indexing/11-content-aware-memory-filename-generation.md,system-spec-kit,13--memory-quality-and-indexing,11-content-aware-memory-filename-generation.md,2,0,false
.opencode/skills/system-spec-kit/feature_catalog/13--memory-quality-and-indexing/13-entity-normalization-consolidation.md,system-spec-kit,13--memory-quality-and-indexing,13-entity-normalization-consolidation.md,3,0,false
.opencode/skills/system-spec-kit/feature_catalog/13--memory-quality-and-indexing/14-quality-gate-timer-persistence.md,system-spec-kit,13--memory-quality-and-indexing,14-quality-gate-timer-persistence.md,1,0,false
.opencode/skills/system-spec-kit/feature_catalog/13--memory-quality-and-indexing/15-deferred-lexical-only-indexing.md,system-spec-kit,13--memory-quality-and-indexing,15-deferred-lexical-only-indexing.md,1,0,false
.opencode/skills/system-spec-kit/feature_catalog/13--memory-quality-and-indexing/16-dry-run-preflight-for-memory-save.md,system-spec-kit,13--memory-quality-and-indexing,16-dry-run-preflight-for-memory-save.md,5,0,true
.opencode/skills/system-spec-kit/feature_catalog/13--memory-quality-and-indexing/17-outsourced-agent-memory-capture.md,system-spec-kit,13--memory-quality-and-indexing,17-outsourced-agent-memory-capture.md,3,0,false
.opencode/skills/system-spec-kit/feature_catalog/13--memory-quality-and-indexing/18-session-enrichment-and-alignment-guards.md,system-spec-kit,13--memory-quality-and-indexing,18-session-enrichment-and-alignment-guards.md,7,0,true
.opencode/skills/system-spec-kit/feature_catalog/13--memory-quality-and-indexing/19-post-save-quality-review.md,system-spec-kit,13--memory-quality-and-indexing,19-post-save-quality-review.md,6,0,true
.opencode/skills/system-spec-kit/feature_catalog/13--memory-quality-and-indexing/21-assistive-reconsolidation.md,system-spec-kit,13--memory-quality-and-indexing,21-assistive-reconsolidation.md,5,0,true
.opencode/skills/system-spec-kit/feature_catalog/13--memory-quality-and-indexing/23-hybrid-decay-policy.md,system-spec-kit,13--memory-quality-and-indexing,23-hybrid-decay-policy.md,5,0,true
.opencode/skills/system-spec-kit/feature_catalog/13--memory-quality-and-indexing/24-save-quality-gate-exceptions.md,system-spec-kit,13--memory-quality-and-indexing,24-save-quality-gate-exceptions.md,3,0,false
.opencode/skills/system-spec-kit/feature_catalog/13--memory-quality-and-indexing/25-indexing-runtime-bootstrap-api.md,system-spec-kit,13--memory-quality-and-indexing,25-indexing-runtime-bootstrap-api.md,5,0,true
.opencode/skills/system-spec-kit/feature_catalog/13--memory-quality-and-indexing/26-spec-doc-structure-validator.md,system-spec-kit,13--memory-quality-and-indexing,26-spec-doc-structure-validator.md,3,0,false
.opencode/skills/system-spec-kit/feature_catalog/13--memory-quality-and-indexing/27-canonical-continuity-save-substrate.md,system-spec-kit,13--memory-quality-and-indexing,27-canonical-continuity-save-substrate.md,5,0,true
.opencode/skills/system-spec-kit/feature_catalog/13--memory-quality-and-indexing/28-memory-causal-trust-display.md,system-spec-kit,13--memory-quality-and-indexing,28-memory-causal-trust-display.md,3,0,false
.opencode/skills/system-spec-kit/feature_catalog/13--memory-quality-and-indexing/29-vec-memories-knn-and-factory-shard-fallback.md,system-spec-kit,13--memory-quality-and-indexing,29-vec-memories-knn-and-factory-shard-fallback.md,4,0,true
.opencode/skills/system-spec-kit/feature_catalog/13--memory-quality-and-indexing/30-constitutional-sufficiency-gate-exemption.md,system-spec-kit,13--memory-quality-and-indexing,30-constitutional-sufficiency-gate-exemption.md,3,0,false
.opencode/skills/system-spec-kit/feature_catalog/13--memory-quality-and-indexing/31-graph-metadata-and-lineage-repair-runner.md,system-spec-kit,13--memory-quality-and-indexing,31-graph-metadata-and-lineage-repair-runner.md,4,0,true
.opencode/skills/system-spec-kit/feature_catalog/14--pipeline-architecture/01-4-stage-pipeline-refactor.md,system-spec-kit,14--pipeline-architecture,01-4-stage-pipeline-refactor.md,8,0,true
.opencode/skills/system-spec-kit/feature_catalog/14--pipeline-architecture/02-mpab-chunk-to-memory-aggregation.md,system-spec-kit,14--pipeline-architecture,02-mpab-chunk-to-memory-aggregation.md,2,0,false
.opencode/skills/system-spec-kit/feature_catalog/14--pipeline-architecture/03-chunk-ordering-preservation.md,system-spec-kit,14--pipeline-architecture,03-chunk-ordering-preservation.md,1,0,false
.opencode/skills/system-spec-kit/feature_catalog/14--pipeline-architecture/04-template-anchor-optimization.md,system-spec-kit,14--pipeline-architecture,04-template-anchor-optimization.md,2,0,false
.opencode/skills/system-spec-kit/feature_catalog/14--pipeline-architecture/05-validation-signals-as-retrieval-metadata.md,system-spec-kit,14--pipeline-architecture,05-validation-signals-as-retrieval-metadata.md,2,0,false
.opencode/skills/system-spec-kit/feature_catalog/14--pipeline-architecture/06-learned-relevance-feedback.md,system-spec-kit,14--pipeline-architecture,06-learned-relevance-feedback.md,4,0,true
.opencode/skills/system-spec-kit/feature_catalog/14--pipeline-architecture/07-search-pipeline-safety.md,system-spec-kit,14--pipeline-architecture,07-search-pipeline-safety.md,4,0,true
.opencode/skills/system-spec-kit/feature_catalog/14--pipeline-architecture/08-performance-improvements.md,system-spec-kit,14--pipeline-architecture,08-performance-improvements.md,6,0,true
.opencode/skills/system-spec-kit/feature_catalog/14--pipeline-architecture/10-legacy-v1-pipeline-removal.md,system-spec-kit,14--pipeline-architecture,10-legacy-v1-pipeline-removal.md,2,0,false
.opencode/skills/system-spec-kit/feature_catalog/14--pipeline-architecture/11-pipeline-and-mutation-hardening.md,system-spec-kit,14--pipeline-architecture,11-pipeline-and-mutation-hardening.md,10,0,true
.opencode/skills/system-spec-kit/feature_catalog/14--pipeline-architecture/12-dbpath-extraction-and-import-standardization.md,system-spec-kit,14--pipeline-architecture,12-dbpath-extraction-and-import-standardization.md,1,0,false
.opencode/skills/system-spec-kit/feature_catalog/14--pipeline-architecture/13-strict-zod-schema-validation.md,system-spec-kit,14--pipeline-architecture,13-strict-zod-schema-validation.md,1,0,false
.opencode/skills/system-spec-kit/feature_catalog/14--pipeline-architecture/14-dynamic-server-instructions-at-mcp-initialization.md,system-spec-kit,14--pipeline-architecture,14-dynamic-server-instructions-at-mcp-initialization.md,1,0,false
.opencode/skills/system-spec-kit/feature_catalog/14--pipeline-architecture/16-backend-storage-adapter-abstraction.md,system-spec-kit,14--pipeline-architecture,16-backend-storage-adapter-abstraction.md,1,0,false
.opencode/skills/system-spec-kit/feature_catalog/14--pipeline-architecture/17-cross-process-db-hot-rebinding.md,system-spec-kit,14--pipeline-architecture,17-cross-process-db-hot-rebinding.md,1,0,false
.opencode/skills/system-spec-kit/feature_catalog/14--pipeline-architecture/18-atomic-write-then-index-api.md,system-spec-kit,14--pipeline-architecture,18-atomic-write-then-index-api.md,2,0,false
.opencode/skills/system-spec-kit/feature_catalog/14--pipeline-architecture/19-embedding-retry-orchestrator.md,system-spec-kit,14--pipeline-architecture,19-embedding-retry-orchestrator.md,2,0,false
.opencode/skills/system-spec-kit/feature_catalog/14--pipeline-architecture/20-7-layer-tool-architecture-metadata.md,system-spec-kit,14--pipeline-architecture,20-7-layer-tool-architecture-metadata.md,2,0,false
.opencode/skills/system-spec-kit/feature_catalog/14--pipeline-architecture/21-atomic-pending-file-recovery.md,system-spec-kit,14--pipeline-architecture,21-atomic-pending-file-recovery.md,2,0,false
.opencode/skills/system-spec-kit/feature_catalog/14--pipeline-architecture/22-lineage-state-active-projection-and-asof-resolution.md,system-spec-kit,14--pipeline-architecture,22-lineage-state-active-projection-and-asof-resolution.md,3,0,false
.opencode/skills/system-spec-kit/feature_catalog/14--pipeline-architecture/22-mcp-server-public-api-barrel.md,system-spec-kit,14--pipeline-architecture,22-mcp-server-public-api-barrel.md,5,0,true
.opencode/skills/system-spec-kit/feature_catalog/14--pipeline-architecture/23-embeddings-and-retry-api.md,system-spec-kit,14--pipeline-architecture,23-embeddings-and-retry-api.md,3,0,false
.opencode/skills/system-spec-kit/feature_catalog/14--pipeline-architecture/24-phase-017-maintainability-extracts.md,system-spec-kit,14--pipeline-architecture,24-phase-017-maintainability-extracts.md,3,0,false
.opencode/skills/system-spec-kit/feature_catalog/14--pipeline-architecture/25-code-graph-phase-dag-runner.md,system-spec-kit,14--pipeline-architecture,25-code-graph-phase-dag-runner.md,7,0,true
.opencode/skills/system-spec-kit/feature_catalog/14--pipeline-architecture/26-stress-test-cycle.md,system-spec-kit,14--pipeline-architecture,26-stress-test-cycle.md,15,6,false
.opencode/skills/system-spec-kit/feature_catalog/14--pipeline-architecture/27-routing-telemetry-and-channel-invocation-rates.md,system-spec-kit,14--pipeline-architecture,27-routing-telemetry-and-channel-invocation-rates.md,3,0,false
.opencode/skills/system-spec-kit/feature_catalog/14--stress-testing/01-category-overview.md,system-spec-kit,14--stress-testing,01-category-overview.md,2,0,false
.opencode/skills/system-spec-kit/feature_catalog/15--retrieval-enhancements/01-dual-scope-memory-auto-surface.md,system-spec-kit,15--retrieval-enhancements,01-dual-scope-memory-auto-surface.md,2,0,false
.opencode/skills/system-spec-kit/feature_catalog/15--retrieval-enhancements/02-constitutional-memory-as-expert-knowledge-injection.md,system-spec-kit,15--retrieval-enhancements,02-constitutional-memory-as-expert-knowledge-injection.md,3,0,false
.opencode/skills/system-spec-kit/feature_catalog/15--retrieval-enhancements/03-spec-folder-hierarchy-as-retrieval-structure.md,system-spec-kit,15--retrieval-enhancements,03-spec-folder-hierarchy-as-retrieval-structure.md,3,0,false
.opencode/skills/system-spec-kit/feature_catalog/15--retrieval-enhancements/04-lightweight-consolidation.md,system-spec-kit,15--retrieval-enhancements,04-lightweight-consolidation.md,3,0,false
.opencode/skills/system-spec-kit/feature_catalog/15--retrieval-enhancements/05-memory-summary-search-channel.md,system-spec-kit,15--retrieval-enhancements,05-memory-summary-search-channel.md,6,0,true
.opencode/skills/system-spec-kit/feature_catalog/15--retrieval-enhancements/06-cross-document-entity-linking.md,system-spec-kit,15--retrieval-enhancements,06-cross-document-entity-linking.md,6,0,true
.opencode/skills/system-spec-kit/feature_catalog/15--retrieval-enhancements/07-tier-2-fallback-channel-forcing.md,system-spec-kit,15--retrieval-enhancements,07-tier-2-fallback-channel-forcing.md,1,0,false
.opencode/skills/system-spec-kit/feature_catalog/15--retrieval-enhancements/08-provenance-rich-response-envelopes.md,system-spec-kit,15--retrieval-enhancements,08-provenance-rich-response-envelopes.md,1,0,false
.opencode/skills/system-spec-kit/feature_catalog/15--retrieval-enhancements/09-contextual-tree-injection.md,system-spec-kit,15--retrieval-enhancements,09-contextual-tree-injection.md,1,0,false
.opencode/skills/system-spec-kit/feature_catalog/15--retrieval-enhancements/10-session-boost-graduated.md,system-spec-kit,15--retrieval-enhancements,10-session-boost-graduated.md,3,0,false
.opencode/skills/system-spec-kit/feature_catalog/15--retrieval-enhancements/11-causal-boost-graduated.md,system-spec-kit,15--retrieval-enhancements,11-causal-boost-graduated.md,4,0,true
.opencode/skills/system-spec-kit/feature_catalog/15--retrieval-enhancements/12-graph-expanded-fallback.md,system-spec-kit,15--retrieval-enhancements,12-graph-expanded-fallback.md,2,0,false
.opencode/skills/system-spec-kit/feature_catalog/15--retrieval-enhancements/13-always-on-graph-context-injection.md,system-spec-kit,15--retrieval-enhancements,13-always-on-graph-context-injection.md,2,0,false
.opencode/skills/system-spec-kit/feature_catalog/15--retrieval-enhancements/14-community-search-fallback.md,system-spec-kit,15--retrieval-enhancements,14-community-search-fallback.md,2,0,false
.opencode/skills/system-spec-kit/feature_catalog/15--retrieval-enhancements/15-dual-level-retrieval.md,system-spec-kit,15--retrieval-enhancements,15-dual-level-retrieval.md,2,0,false
.opencode/skills/system-spec-kit/feature_catalog/16--tooling-and-scripts/01-tree-thinning-for-spec-folder-consolidation.md,system-spec-kit,16--tooling-and-scripts,01-tree-thinning-for-spec-folder-consolidation.md,3,0,false
.opencode/skills/system-spec-kit/feature_catalog/16--tooling-and-scripts/02-architecture-boundary-enforcement.md,system-spec-kit,16--tooling-and-scripts,02-architecture-boundary-enforcement.md,3,0,false
.opencode/skills/system-spec-kit/feature_catalog/16--tooling-and-scripts/03-progressive-validation-for-spec-documents.md,system-spec-kit,16--tooling-and-scripts,03-progressive-validation-for-spec-documents.md,4,0,true
.opencode/skills/system-spec-kit/feature_catalog/16--tooling-and-scripts/04-dead-code-removal.md,system-spec-kit,16--tooling-and-scripts,04-dead-code-removal.md,6,0,true
.opencode/skills/system-spec-kit/feature_catalog/16--tooling-and-scripts/05-code-standards-alignment.md,system-spec-kit,16--tooling-and-scripts,05-code-standards-alignment.md,1,0,false
.opencode/skills/system-spec-kit/feature_catalog/16--tooling-and-scripts/06-real-time-filesystem-watching-with-chokidar.md,system-spec-kit,16--tooling-and-scripts,06-real-time-filesystem-watching-with-chokidar.md,2,0,false
.opencode/skills/system-spec-kit/feature_catalog/16--tooling-and-scripts/07-standalone-admin-cli.md,system-spec-kit,16--tooling-and-scripts,07-standalone-admin-cli.md,4,0,true
.opencode/skills/system-spec-kit/feature_catalog/16--tooling-and-scripts/08-watcher-delete-rename-cleanup.md,system-spec-kit,16--tooling-and-scripts,08-watcher-delete-rename-cleanup.md,3,0,false
.opencode/skills/system-spec-kit/feature_catalog/16--tooling-and-scripts/09-migration-checkpoint-scripts.md,system-spec-kit,16--tooling-and-scripts,09-migration-checkpoint-scripts.md,4,0,true
.opencode/skills/system-spec-kit/feature_catalog/16--tooling-and-scripts/10-schema-compatibility-validation.md,system-spec-kit,16--tooling-and-scripts,10-schema-compatibility-validation.md,3,0,false
.opencode/skills/system-spec-kit/feature_catalog/16--tooling-and-scripts/11-feature-catalog-code-references.md,system-spec-kit,16--tooling-and-scripts,11-feature-catalog-code-references.md,3,0,false
.opencode/skills/system-spec-kit/feature_catalog/16--tooling-and-scripts/12-session-capturing-pipeline-quality.md,system-spec-kit,16--tooling-and-scripts,12-session-capturing-pipeline-quality.md,3,0,false
.opencode/skills/system-spec-kit/feature_catalog/16--tooling-and-scripts/13-constitutional-memory-manager-command.md,system-spec-kit,16--tooling-and-scripts,13-constitutional-memory-manager-command.md,3,0,false
.opencode/skills/system-spec-kit/feature_catalog/16--tooling-and-scripts/14-source-dist-alignment-enforcement.md,system-spec-kit,16--tooling-and-scripts,14-source-dist-alignment-enforcement.md,3,0,false
.opencode/skills/system-spec-kit/feature_catalog/16--tooling-and-scripts/15-module-boundary-map.md,system-spec-kit,16--tooling-and-scripts,15-module-boundary-map.md,3,0,false
.opencode/skills/system-spec-kit/feature_catalog/16--tooling-and-scripts/16-json-mode-hybrid-enrichment.md,system-spec-kit,16--tooling-and-scripts,16-json-mode-hybrid-enrichment.md,2,0,false
.opencode/skills/system-spec-kit/feature_catalog/16--tooling-and-scripts/17-json-primary-deprecation-posture.md,system-spec-kit,16--tooling-and-scripts,17-json-primary-deprecation-posture.md,2,0,false
.opencode/skills/system-spec-kit/feature_catalog/16--tooling-and-scripts/18-template-compliance-contract-enforcement.md,system-spec-kit,16--tooling-and-scripts,18-template-compliance-contract-enforcement.md,5,0,true
.opencode/skills/system-spec-kit/feature_catalog/16--tooling-and-scripts/19-completion-verification-workflow.md,system-spec-kit,16--tooling-and-scripts,19-completion-verification-workflow.md,8,0,true
.opencode/skills/system-spec-kit/feature_catalog/16--tooling-and-scripts/20-ops-self-healing-runbooks.md,system-spec-kit,16--tooling-and-scripts,20-ops-self-healing-runbooks.md,10,0,true
.opencode/skills/system-spec-kit/feature_catalog/16--tooling-and-scripts/21-eval-runner-cli.md,system-spec-kit,16--tooling-and-scripts,21-eval-runner-cli.md,2,0,false
.opencode/skills/system-spec-kit/feature_catalog/16--tooling-and-scripts/22-phase-system-knowledge-node.md,system-spec-kit,16--tooling-and-scripts,22-phase-system-knowledge-node.md,4,0,true
.opencode/skills/system-spec-kit/feature_catalog/16--tooling-and-scripts/23-spec-lifecycle-automation.md,system-spec-kit,16--tooling-and-scripts,23-spec-lifecycle-automation.md,7,0,true
.opencode/skills/system-spec-kit/feature_catalog/16--tooling-and-scripts/24-spec-validation-rule-engine.md,system-spec-kit,16--tooling-and-scripts,24-spec-validation-rule-engine.md,8,0,true
.opencode/skills/system-spec-kit/feature_catalog/16--tooling-and-scripts/25-memory-maintenance-and-migration-clis.md,system-spec-kit,16--tooling-and-scripts,25-memory-maintenance-and-migration-clis.md,8,0,true
.opencode/skills/system-spec-kit/feature_catalog/16--tooling-and-scripts/26-core-workflow-infrastructure.md,system-spec-kit,16--tooling-and-scripts,26-core-workflow-infrastructure.md,7,0,true
.opencode/skills/system-spec-kit/feature_catalog/16--tooling-and-scripts/27-session-extraction-and-enrichment.md,system-spec-kit,16--tooling-and-scripts,27-session-extraction-and-enrichment.md,2,0,false
.opencode/skills/system-spec-kit/feature_catalog/16--tooling-and-scripts/28-spec-folder-detection-and-description.md,system-spec-kit,16--tooling-and-scripts,28-spec-folder-detection-and-description.md,2,0,false
.opencode/skills/system-spec-kit/feature_catalog/16--tooling-and-scripts/29-setup-native-module-health-and-mcp-installation.md,system-spec-kit,16--tooling-and-scripts,29-setup-native-module-health-and-mcp-installation.md,3,0,false
.opencode/skills/system-spec-kit/feature_catalog/16--tooling-and-scripts/30-template-composition-system.md,system-spec-kit,16--tooling-and-scripts,30-template-composition-system.md,2,0,false
.opencode/skills/system-spec-kit/feature_catalog/16--tooling-and-scripts/31-evaluation-benchmark-and-import-policy-tooling.md,system-spec-kit,16--tooling-and-scripts,31-evaluation-benchmark-and-import-policy-tooling.md,7,0,true
.opencode/skills/system-spec-kit/feature_catalog/16--tooling-and-scripts/33-memory-quality-kpi-reporting.md,system-spec-kit,16--tooling-and-scripts,33-memory-quality-kpi-reporting.md,2,0,false
.opencode/skills/system-spec-kit/feature_catalog/16--tooling-and-scripts/34-research-metadata-backfill.md,system-spec-kit,16--tooling-and-scripts,34-research-metadata-backfill.md,3,0,false
.opencode/skills/system-spec-kit/feature_catalog/16--tooling-and-scripts/35-strict-validation-addons-continuity-freshness-and-evidence-markers.md,system-spec-kit,16--tooling-and-scripts,35-strict-validation-addons-continuity-freshness-and-evidence-markers.md,3,0,false
.opencode/skills/system-spec-kit/feature_catalog/16--tooling-and-scripts/37-cli-matrix-adapter-runners.md,system-spec-kit,16--tooling-and-scripts,37-cli-matrix-adapter-runners.md,2,0,false
.opencode/skills/system-spec-kit/feature_catalog/16--tooling-and-scripts/38-codex-hook-freshness-smoke-check.md,system-spec-kit,16--tooling-and-scripts,38-codex-hook-freshness-smoke-check.md,2,0,false
.opencode/skills/system-spec-kit/feature_catalog/16--tooling-and-scripts/39-spec-folder-literal-naming-create-sh-fallback.md,system-spec-kit,16--tooling-and-scripts,39-spec-folder-literal-naming-create-sh-fallback.md,3,0,false
.opencode/skills/system-spec-kit/feature_catalog/16--tooling-and-scripts/40-spec-folder-literal-naming-ai-derived-slugs.md,system-spec-kit,16--tooling-and-scripts,40-spec-folder-literal-naming-ai-derived-slugs.md,3,0,false
.opencode/skills/system-spec-kit/feature_catalog/16--tooling-and-scripts/41-debug-delegation-scaffold-generator.md,system-spec-kit,16--tooling-and-scripts,41-debug-delegation-scaffold-generator.md,4,0,true
.opencode/skills/system-spec-kit/feature_catalog/16--tooling-and-scripts/42-mcp-daemon-rebuild-restart-live-probe.md,system-spec-kit,16--tooling-and-scripts,42-mcp-daemon-rebuild-restart-live-probe.md,6,0,true
.opencode/skills/system-spec-kit/feature_catalog/16--tooling-and-scripts/43-graph-degraded-stress-cell-isolation.md,system-spec-kit,16--tooling-and-scripts,43-graph-degraded-stress-cell-isolation.md,4,0,true
.opencode/skills/system-spec-kit/feature_catalog/16--tooling-and-scripts/44-embedder-list-registry-inventory.md,system-spec-kit,16--tooling-and-scripts,44-embedder-list-registry-inventory.md,3,0,false
.opencode/skills/system-spec-kit/feature_catalog/16--tooling-and-scripts/45-embedder-set-dry-run-and-validation.md,system-spec-kit,16--tooling-and-scripts,45-embedder-set-dry-run-and-validation.md,3,0,false
.opencode/skills/system-spec-kit/feature_catalog/16--tooling-and-scripts/46-embedder-status-and-active-pointer.md,system-spec-kit,16--tooling-and-scripts,46-embedder-status-and-active-pointer.md,3,0,false
.opencode/skills/system-spec-kit/feature_catalog/16--tooling-and-scripts/47-orphan-mcp-sweeper-and-launchagent-template.md,system-spec-kit,16--tooling-and-scripts,47-orphan-mcp-sweeper-and-launchagent-template.md,5,0,true
.opencode/skills/system-spec-kit/feature_catalog/17--governance/01-feature-flag-governance.md,system-spec-kit,17--governance,01-feature-flag-governance.md,6,0,true
.opencode/skills/system-spec-kit/feature_catalog/17--governance/03-hierarchical-scope-governance-governed-ingest-retention-and-audit.md,system-spec-kit,17--governance,03-hierarchical-scope-governance-governed-ingest-retention-and-audit.md,5,0,true
.opencode/skills/system-spec-kit/feature_catalog/17--governance/05-constitutional-gate-enforcement-rule-pack.md,system-spec-kit,17--governance,05-constitutional-gate-enforcement-rule-pack.md,4,0,true
.opencode/skills/system-spec-kit/feature_catalog/17--governance/06-session-resume-caller-binding-and-unicode-sanitization.md,system-spec-kit,17--governance,06-session-resume-caller-binding-and-unicode-sanitization.md,4,0,true
.opencode/skills/system-spec-kit/feature_catalog/17--governance/11-governed-ingest-cancel-lifecycle.md,system-spec-kit,17--governance,11-governed-ingest-cancel-lifecycle.md,3,0,false
.opencode/skills/system-spec-kit/feature_catalog/18--ux-hooks/02-memory-health-autorepair-metadata.md,system-spec-kit,18--ux-hooks,02-memory-health-autorepair-metadata.md,3,0,false
.opencode/skills/system-spec-kit/feature_catalog/18--ux-hooks/03-checkpoint-delete-confirmname-safety.md,system-spec-kit,18--ux-hooks,03-checkpoint-delete-confirmname-safety.md,1,0,false
.opencode/skills/system-spec-kit/feature_catalog/18--ux-hooks/04-schema-and-type-contract-synchronization.md,system-spec-kit,18--ux-hooks,04-schema-and-type-contract-synchronization.md,1,0,false
.opencode/skills/system-spec-kit/feature_catalog/18--ux-hooks/05-dedicated-ux-hook-modules.md,system-spec-kit,18--ux-hooks,05-dedicated-ux-hook-modules.md,1,0,false
.opencode/skills/system-spec-kit/feature_catalog/18--ux-hooks/06-mutation-hook-result-contract-expansion.md,system-spec-kit,18--ux-hooks,06-mutation-hook-result-contract-expansion.md,2,0,false
.opencode/skills/system-spec-kit/feature_catalog/18--ux-hooks/07-mutation-response-ux-payload-exposure.md,system-spec-kit,18--ux-hooks,07-mutation-response-ux-payload-exposure.md,1,0,false
.opencode/skills/system-spec-kit/feature_catalog/18--ux-hooks/08-context-server-success-hint-append.md,system-spec-kit,18--ux-hooks,08-context-server-success-hint-append.md,2,0,false
.opencode/skills/system-spec-kit/feature_catalog/18--ux-hooks/09-duplicate-save-no-op-feedback-hardening.md,system-spec-kit,18--ux-hooks,09-duplicate-save-no-op-feedback-hardening.md,2,0,false
.opencode/skills/system-spec-kit/feature_catalog/18--ux-hooks/10-atomic-save-parity-and-partial-indexing-hints.md,system-spec-kit,18--ux-hooks,10-atomic-save-parity-and-partial-indexing-hints.md,3,0,false
.opencode/skills/system-spec-kit/feature_catalog/18--ux-hooks/11-final-token-metadata-recomputation.md,system-spec-kit,18--ux-hooks,11-final-token-metadata-recomputation.md,1,0,false
.opencode/skills/system-spec-kit/feature_catalog/18--ux-hooks/12-hooks-readme-and-export-alignment.md,system-spec-kit,18--ux-hooks,12-hooks-readme-and-export-alignment.md,1,0,false
.opencode/skills/system-spec-kit/feature_catalog/18--ux-hooks/13-end-to-end-success-envelope-verification.md,system-spec-kit,18--ux-hooks,13-end-to-end-success-envelope-verification.md,1,0,false
.opencode/skills/system-spec-kit/feature_catalog/18--ux-hooks/14-result-explainability.md,system-spec-kit,18--ux-hooks,14-result-explainability.md,4,0,true
.opencode/skills/system-spec-kit/feature_catalog/18--ux-hooks/15-mode-aware-response-profiles.md,system-spec-kit,18--ux-hooks,15-mode-aware-response-profiles.md,4,0,true
.opencode/skills/system-spec-kit/feature_catalog/18--ux-hooks/16-progressive-disclosure.md,system-spec-kit,18--ux-hooks,16-progressive-disclosure.md,3,0,false
.opencode/skills/system-spec-kit/feature_catalog/18--ux-hooks/17-retrieval-session-state.md,system-spec-kit,18--ux-hooks,17-retrieval-session-state.md,5,0,true
.opencode/skills/system-spec-kit/feature_catalog/18--ux-hooks/18-empty-result-recovery.md,system-spec-kit,18--ux-hooks,18-empty-result-recovery.md,4,0,true
.opencode/skills/system-spec-kit/feature_catalog/18--ux-hooks/19-result-confidence.md,system-spec-kit,18--ux-hooks,19-result-confidence.md,5,0,true
.opencode/skills/system-spec-kit/feature_catalog/18--ux-hooks/20-result-provenance.md,system-spec-kit,18--ux-hooks,20-result-provenance.md,2,0,false
.opencode/skills/system-spec-kit/feature_catalog/19--feature-flag-reference/01-1-search-pipeline-features-speckit.md,system-spec-kit,19--feature-flag-reference,01-1-search-pipeline-features-speckit.md,3,0,false
.opencode/skills/system-spec-kit/feature_catalog/19--feature-flag-reference/02-2-session-and-cache.md,system-spec-kit,19--feature-flag-reference,02-2-session-and-cache.md,1,0,false
.opencode/skills/system-spec-kit/feature_catalog/19--feature-flag-reference/03-3-mcp-configuration.md,system-spec-kit,19--feature-flag-reference,03-3-mcp-configuration.md,1,0,false
.opencode/skills/system-spec-kit/feature_catalog/19--feature-flag-reference/04-4-memory-and-storage.md,system-spec-kit,19--feature-flag-reference,04-4-memory-and-storage.md,1,0,false
.opencode/skills/system-spec-kit/feature_catalog/19--feature-flag-reference/05-5-embedding-and-api.md,system-spec-kit,19--feature-flag-reference,05-5-embedding-and-api.md,2,2,false
.opencode/skills/system-spec-kit/feature_catalog/19--feature-flag-reference/06-6-debug-and-telemetry.md,system-spec-kit,19--feature-flag-reference,06-6-debug-and-telemetry.md,3,2,false
.opencode/skills/system-spec-kit/feature_catalog/19--feature-flag-reference/07-7-ci-and-build-informational.md,system-spec-kit,19--feature-flag-reference,07-7-ci-and-build-informational.md,2,0,false
.opencode/skills/system-spec-kit/feature_catalog/19--feature-flag-reference/08-audit-phase-020-mapping-note.md,system-spec-kit,19--feature-flag-reference,08-audit-phase-020-mapping-note.md,1,0,false
.opencode/skills/system-spec-kit/feature_catalog/19--feature-flag-reference/09-runtime-config-contract.md,system-spec-kit,19--feature-flag-reference,09-runtime-config-contract.md,5,1,false
.opencode/skills/system-spec-kit/feature_catalog/19--feature-flag-reference/10-filter-config-contract.md,system-spec-kit,19--feature-flag-reference,10-filter-config-contract.md,3,0,false
.opencode/skills/system-spec-kit/feature_catalog/19--feature-flag-reference/11-memory-roadmap-capability-flags.md,system-spec-kit,19--feature-flag-reference,11-memory-roadmap-capability-flags.md,2,0,false
.opencode/skills/system-spec-kit/feature_catalog/19--feature-flag-reference/12-launcher-idle-timeout.md,system-spec-kit,19--feature-flag-reference,12-launcher-idle-timeout.md,3,0,false
.opencode/skills/system-spec-kit/feature_catalog/20--remediation-revalidation/01-category-stub.md,system-spec-kit,20--remediation-revalidation,01-category-stub.md,2,0,false
.opencode/skills/system-spec-kit/feature_catalog/20--remediation-revalidation/02-memory-health-auto-repair.md,system-spec-kit,20--remediation-revalidation,02-memory-health-auto-repair.md,4,0,true
.opencode/skills/system-spec-kit/feature_catalog/20--remediation-revalidation/03-feedback-driven-revalidation.md,system-spec-kit,20--remediation-revalidation,03-feedback-driven-revalidation.md,5,0,true
.opencode/skills/system-spec-kit/feature_catalog/21--implement-and-remove-deprecated-features/01-category-stub.md,system-spec-kit,21--implement-and-remove-deprecated-features,01-category-stub.md,5,0,true
.opencode/skills/system-spec-kit/feature_catalog/21--implement-and-remove-deprecated-features/02-lazy-loading-migration-and-warmup-compatibility.md,system-spec-kit,21--implement-and-remove-deprecated-features,02-lazy-loading-migration-and-warmup-compatibility.md,4,0,true
.opencode/skills/system-spec-kit/feature_catalog/21--implement-and-remove-deprecated-features/03-shadow-scoring-retirement.md,system-spec-kit,21--implement-and-remove-deprecated-features,03-shadow-scoring-retirement.md,4,0,true
.opencode/skills/system-spec-kit/feature_catalog/21--implement-and-remove-deprecated-features/04-inert-scoring-flags-and-compatibility-shims.md,system-spec-kit,21--implement-and-remove-deprecated-features,04-inert-scoring-flags-and-compatibility-shims.md,4,0,true
.opencode/skills/system-spec-kit/feature_catalog/21--implement-and-remove-deprecated-features/05-adaptive-fusion-flag-drift.md,system-spec-kit,21--implement-and-remove-deprecated-features,05-adaptive-fusion-flag-drift.md,4,0,true
.opencode/skills/system-spec-kit/feature_catalog/22--context-preservation/01-category-overview.md,system-spec-kit,22--context-preservation,01-category-overview.md,3,0,false
.opencode/skills/system-spec-kit/feature_catalog/22--context-preservation/02-precompact-hook.md,system-spec-kit,22--context-preservation,02-precompact-hook.md,1,0,false
.opencode/skills/system-spec-kit/feature_catalog/22--context-preservation/03-session-start-priming.md,system-spec-kit,22--context-preservation,03-session-start-priming.md,1,0,false
.opencode/skills/system-spec-kit/feature_catalog/22--context-preservation/04-stop-token-tracking.md,system-spec-kit,22--context-preservation,04-stop-token-tracking.md,1,0,false
.opencode/skills/system-spec-kit/feature_catalog/22--context-preservation/05-cross-runtime-fallback.md,system-spec-kit,22--context-preservation,05-cross-runtime-fallback.md,1,0,false
.opencode/skills/system-spec-kit/feature_catalog/22--context-preservation/06-runtime-detection.md,system-spec-kit,22--context-preservation,06-runtime-detection.md,1,0,false
.opencode/skills/system-spec-kit/feature_catalog/22--context-preservation/10-budget-allocator.md,system-spec-kit,22--context-preservation,10-budget-allocator.md,1,0,false
.opencode/skills/system-spec-kit/feature_catalog/22--context-preservation/11-working-set-tracker.md,system-spec-kit,22--context-preservation,11-working-set-tracker.md,1,0,false
.opencode/skills/system-spec-kit/feature_catalog/22--context-preservation/12-compact-merger.md,system-spec-kit,22--context-preservation,12-compact-merger.md,1,0,false
.opencode/skills/system-spec-kit/feature_catalog/22--context-preservation/14-query-intent-classifier.md,system-spec-kit,22--context-preservation,14-query-intent-classifier.md,1,0,false
.opencode/skills/system-spec-kit/feature_catalog/22--context-preservation/16-mcp-auto-priming.md,system-spec-kit,22--context-preservation,16-mcp-auto-priming.md,1,0,false
.opencode/skills/system-spec-kit/feature_catalog/22--context-preservation/17-session-health-tool.md,system-spec-kit,22--context-preservation,17-session-health-tool.md,1,0,false
.opencode/skills/system-spec-kit/feature_catalog/22--context-preservation/18-session-resume-tool.md,system-spec-kit,22--context-preservation,18-session-resume-tool.md,3,0,false
.opencode/skills/system-spec-kit/feature_catalog/22--context-preservation/19-query-intent-routing.md,system-spec-kit,22--context-preservation,19-query-intent-routing.md,1,0,false
.opencode/skills/system-spec-kit/feature_catalog/22--context-preservation/20-passive-context-enrichment.md,system-spec-kit,22--context-preservation,20-passive-context-enrichment.md,1,0,false
.opencode/skills/system-spec-kit/feature_catalog/22--context-preservation/21-gemini-cli-hooks.md,system-spec-kit,22--context-preservation,21-gemini-cli-hooks.md,1,0,false
.opencode/skills/system-spec-kit/feature_catalog/22--context-preservation/22-context-preservation-metrics.md,system-spec-kit,22--context-preservation,22-context-preservation-metrics.md,1,0,false
.opencode/skills/system-spec-kit/feature_catalog/22--context-preservation/23-tool-routing-enforcement.md,system-spec-kit,22--context-preservation,23-tool-routing-enforcement.md,1,0,false
.opencode/skills/system-spec-kit/feature_catalog/22--context-preservation/25-resource-map-template.md,system-spec-kit,22--context-preservation,25-resource-map-template.md,1,0,false
.opencode/skills/system-spec-kit/feature_catalog/23--doctor-commands/01-category-overview.md,system-spec-kit,23--doctor-commands,01-category-overview.md,3,0,false
.opencode/skills/system-spec-kit/feature_catalog/24--local-llm-query-intelligence/01-category-overview.md,system-spec-kit,24--local-llm-query-intelligence,01-category-overview.md,3,0,false
.opencode/skills/system-skill-advisor/feature_catalog/01--daemon-and-freshness/01-watcher.md,system-skill-advisor,01--daemon-and-freshness,01-watcher.md,1,0,false
.opencode/skills/system-skill-advisor/feature_catalog/01--daemon-and-freshness/02-lease.md,system-skill-advisor,01--daemon-and-freshness,02-lease.md,1,0,false
.opencode/skills/system-skill-advisor/feature_catalog/01--daemon-and-freshness/03-lifecycle.md,system-skill-advisor,01--daemon-and-freshness,03-lifecycle.md,2,0,false
.opencode/skills/system-skill-advisor/feature_catalog/01--daemon-and-freshness/04-generation.md,system-skill-advisor,01--daemon-and-freshness,04-generation.md,1,0,false
.opencode/skills/system-skill-advisor/feature_catalog/01--daemon-and-freshness/05-trust-state.md,system-skill-advisor,01--daemon-and-freshness,05-trust-state.md,3,0,false
.opencode/skills/system-skill-advisor/feature_catalog/01--daemon-and-freshness/06-rebuild-from-source.md,system-skill-advisor,01--daemon-and-freshness,06-rebuild-from-source.md,1,0,false
.opencode/skills/system-skill-advisor/feature_catalog/01--daemon-and-freshness/07-cache-invalidation.md,system-skill-advisor,01--daemon-and-freshness,07-cache-invalidation.md,1,0,false
.opencode/skills/system-skill-advisor/feature_catalog/02--auto-indexing/01-derived-extraction.md,system-skill-advisor,02--auto-indexing,01-derived-extraction.md,1,0,false
.opencode/skills/system-skill-advisor/feature_catalog/02--auto-indexing/02-sanitizer.md,system-skill-advisor,02--auto-indexing,02-sanitizer.md,3,0,false
.opencode/skills/system-skill-advisor/feature_catalog/02--auto-indexing/03-provenance-and-trust-lanes.md,system-skill-advisor,02--auto-indexing,03-provenance-and-trust-lanes.md,3,0,false
.opencode/skills/system-skill-advisor/feature_catalog/02--auto-indexing/04-sync.md,system-skill-advisor,02--auto-indexing,04-sync.md,1,0,false
.opencode/skills/system-skill-advisor/feature_catalog/02--auto-indexing/05-anti-stuffing.md,system-skill-advisor,02--auto-indexing,05-anti-stuffing.md,3,0,false
.opencode/skills/system-skill-advisor/feature_catalog/02--auto-indexing/06-df-idf-corpus.md,system-skill-advisor,02--auto-indexing,06-df-idf-corpus.md,1,0,false
.opencode/skills/system-skill-advisor/feature_catalog/03--lifecycle-routing/01-age-haircut.md,system-skill-advisor,03--lifecycle-routing,01-age-haircut.md,1,0,false
.opencode/skills/system-skill-advisor/feature_catalog/03--lifecycle-routing/02-supersession.md,system-skill-advisor,03--lifecycle-routing,02-supersession.md,1,0,false
.opencode/skills/system-skill-advisor/feature_catalog/03--lifecycle-routing/03-archive-handling.md,system-skill-advisor,03--lifecycle-routing,03-archive-handling.md,2,0,false
.opencode/skills/system-skill-advisor/feature_catalog/03--lifecycle-routing/04-schema-migration.md,system-skill-advisor,03--lifecycle-routing,04-schema-migration.md,1,0,false
.opencode/skills/system-skill-advisor/feature_catalog/03--lifecycle-routing/05-rollback.md,system-skill-advisor,03--lifecycle-routing,05-rollback.md,1,0,false
.opencode/skills/system-skill-advisor/feature_catalog/04--scorer-fusion/01-five-lane-fusion.md,system-skill-advisor,04--scorer-fusion,01-five-lane-fusion.md,3,0,false
.opencode/skills/system-skill-advisor/feature_catalog/04--scorer-fusion/02-projection.md,system-skill-advisor,04--scorer-fusion,02-projection.md,1,0,false
.opencode/skills/system-skill-advisor/feature_catalog/04--scorer-fusion/03-ambiguity.md,system-skill-advisor,04--scorer-fusion,03-ambiguity.md,3,0,false
.opencode/skills/system-skill-advisor/feature_catalog/04--scorer-fusion/04-attribution.md,system-skill-advisor,04--scorer-fusion,04-attribution.md,1,0,false
.opencode/skills/system-skill-advisor/feature_catalog/04--scorer-fusion/05-ablation.md,system-skill-advisor,04--scorer-fusion,05-ablation.md,1,0,false
.opencode/skills/system-skill-advisor/feature_catalog/04--scorer-fusion/06-weights-config.md,system-skill-advisor,04--scorer-fusion,06-weights-config.md,1,0,false
.opencode/skills/system-skill-advisor/feature_catalog/06--mcp-surface/01-advisor-recommend.md,system-skill-advisor,06--mcp-surface,01-advisor-recommend.md,1,0,false
.opencode/skills/system-skill-advisor/feature_catalog/06--mcp-surface/02-advisor-status.md,system-skill-advisor,06--mcp-surface,02-advisor-status.md,2,0,false
.opencode/skills/system-skill-advisor/feature_catalog/06--mcp-surface/03-advisor-validate.md,system-skill-advisor,06--mcp-surface,03-advisor-validate.md,9,0,true
.opencode/skills/system-skill-advisor/feature_catalog/06--mcp-surface/04-compat-entrypoint.md,system-skill-advisor,06--mcp-surface,04-compat-entrypoint.md,2,0,false
.opencode/skills/system-skill-advisor/feature_catalog/06--mcp-surface/05-advisor-rebuild.md,system-skill-advisor,06--mcp-surface,05-advisor-rebuild.md,3,0,false
.opencode/skills/system-skill-advisor/feature_catalog/06--mcp-surface/06-skill-graph-scan.md,system-skill-advisor,06--mcp-surface,06-skill-graph-scan.md,1,0,false
.opencode/skills/system-skill-advisor/feature_catalog/06--mcp-surface/07-skill-graph-query.md,system-skill-advisor,06--mcp-surface,07-skill-graph-query.md,1,0,false
.opencode/skills/system-skill-advisor/feature_catalog/06--mcp-surface/08-skill-graph-status.md,system-skill-advisor,06--mcp-surface,08-skill-graph-status.md,1,0,false
.opencode/skills/system-skill-advisor/feature_catalog/06--mcp-surface/09-skill-graph-validate.md,system-skill-advisor,06--mcp-surface,09-skill-graph-validate.md,1,0,false
.opencode/skills/system-skill-advisor/feature_catalog/07--hooks-and-plugin/01-claude-hook.md,system-skill-advisor,07--hooks-and-plugin,01-claude-hook.md,1,0,false
.opencode/skills/system-skill-advisor/feature_catalog/07--hooks-and-plugin/03-gemini-hook.md,system-skill-advisor,07--hooks-and-plugin,03-gemini-hook.md,1,0,false
.opencode/skills/system-skill-advisor/feature_catalog/07--hooks-and-plugin/04-codex-hook.md,system-skill-advisor,07--hooks-and-plugin,04-codex-hook.md,1,0,false
.opencode/skills/system-skill-advisor/feature_catalog/07--hooks-and-plugin/05-opencode-plugin-bridge.md,system-skill-advisor,07--hooks-and-plugin,05-opencode-plugin-bridge.md,1,0,false
.opencode/skills/system-skill-advisor/feature_catalog/08--python-compat/01-cli-shim.md,system-skill-advisor,08--python-compat,01-cli-shim.md,2,0,false
.opencode/skills/system-skill-advisor/feature_catalog/08--python-compat/02-regression-suite.md,system-skill-advisor,08--python-compat,02-regression-suite.md,1,0,false
.opencode/skills/system-skill-advisor/feature_catalog/08--python-compat/03-bench-runner.md,system-skill-advisor,08--python-compat,03-bench-runner.md,1,0,false
.opencode/skills/system-code-graph/feature_catalog/01--read-path-freshness/01-ensure-code-graph-ready.md,system-code-graph,01--read-path-freshness,01-ensure-code-graph-ready.md,3,3,false
.opencode/skills/system-code-graph/feature_catalog/01--read-path-freshness/02-query-self-heal.md,system-code-graph,01--read-path-freshness,02-query-self-heal.md,3,3,false
.opencode/skills/system-code-graph/feature_catalog/02--manual-scan-verify-status/01-code-graph-scan.md,system-code-graph,02--manual-scan-verify-status,01-code-graph-scan.md,3,3,false
.opencode/skills/system-code-graph/feature_catalog/02--manual-scan-verify-status/02-code-graph-verify.md,system-code-graph,02--manual-scan-verify-status,02-code-graph-verify.md,3,3,false
.opencode/skills/system-code-graph/feature_catalog/02--manual-scan-verify-status/03-code-graph-status.md,system-code-graph,02--manual-scan-verify-status,03-code-graph-status.md,3,3,false
.opencode/skills/system-code-graph/feature_catalog/03--detect-changes/01-detect-changes-preflight.md,system-code-graph,03--detect-changes,01-detect-changes-preflight.md,3,3,false
.opencode/skills/system-code-graph/feature_catalog/04--context-retrieval/01-code-graph-context.md,system-code-graph,04--context-retrieval,01-code-graph-context.md,3,3,false
.opencode/skills/system-code-graph/feature_catalog/04--context-retrieval/02-context-handler.md,system-code-graph,04--context-retrieval,02-context-handler.md,3,3,false
.opencode/skills/system-code-graph/feature_catalog/05--coverage-graph/01-deep-loop-graph-query.md,system-code-graph,05--coverage-graph,01-deep-loop-graph-query.md,3,3,false
.opencode/skills/system-code-graph/feature_catalog/05--coverage-graph/02-deep-loop-graph-status.md,system-code-graph,05--coverage-graph,02-deep-loop-graph-status.md,3,3,false
.opencode/skills/system-code-graph/feature_catalog/05--coverage-graph/03-deep-loop-graph-upsert.md,system-code-graph,05--coverage-graph,03-deep-loop-graph-upsert.md,3,3,false
.opencode/skills/system-code-graph/feature_catalog/05--coverage-graph/04-deep-loop-graph-convergence.md,system-code-graph,05--coverage-graph,04-deep-loop-graph-convergence.md,3,3,false
.opencode/skills/system-code-graph/feature_catalog/06--mcp-tool-surface/01-tool-registrations.md,system-code-graph,06--mcp-tool-surface,01-tool-registrations.md,3,3,false
.opencode/skills/system-code-graph/feature_catalog/08--doctor-code-graph/01-doctor-apply-mode.md,system-code-graph,08--doctor-code-graph,01-doctor-apply-mode.md,3,3,false
